{"cameraMode":{"drawMode":0,"name":"Shaded","section":"Shading Mode"},"sceneLighting":true,"audioPlay":false,"sceneViewState":{"showFog":true,"showMaterialUpdate":false,"showSkybox":true,"showFlares":true,"showImageEffects":false,"showParticleSystems":true},"in2DMode":false,"pivot":{"x":-5.260006904602051,"y":2.601552963256836,"z":-3.498960494995117},"rotation":{"x":-0.488176167011261,"y":-0.0023515333887189628,"z":0.0013152329484000803,"w":-0.8727409839630127},"size":19.716659545898439,"orthographic":false}